"id","time","outcome","X1","X2","Z_ij"
"1",0,"0",1,-0.560693898648327,-2.36433048315161
"1",1,"0",1,-0.560693898648327,-2.2559079340627
"1",2,"0",1,-0.560693898648327,-0.244649588515749
"1",3,"0",1,-0.560693898648327,-0.779121574433933
"1",4,"1",1,-0.560693898648327,-2.84822273152674
"2",0,"1",0,0.119782897342414,18.6226171077799
"2",1,"1",0,0.119782897342414,8.22478253634096
"2",2,"1",0,0.119782897342414,10.6111586303177
"2",3,"1",0,0.119782897342414,13.0126836534632
"2",4,"2",0,0.119782897342414,12.4190415776834
"2",5,"2",0,0.119782897342414,5.34791965598973
"2",6,"2",0,0.119782897342414,14.9208301621074
"2",7,"2",0,0.119782897342414,6.00885413654103
"3",0,"1",0,1.02794383429764,13.8871799872134
"3",1,"1",0,1.02794383429764,15.0931224998577
"3",2,"1",0,1.02794383429764,10.226841586902
"3",3,"1",0,1.02794383429764,13.5233312880975
"3",4,"2",0,1.02794383429764,7.68641823517842
"3",5,"2",0,1.02794383429764,14.4004428476077
"4",0,"0",0,0.198178979491294,-4.20799276086346
"4",1,"0",0,0.198178979491294,-10.4480898087768
"4",2,"0",0,0.198178979491294,-2.69515324075637
"4",3,"0",0,0.198178979491294,0.557642192796517
"4",4,"0",0,0.198178979491294,-6.26850352505632
"5",0,"0",1,-0.33533183914304,4.77084744314253
"5",1,"0",1,-0.33533183914304,1.290368866553
"5",2,"1",1,-0.33533183914304,3.55692312127877
"5",3,"1",1,-0.33533183914304,10.2363134242918
"5",4,"1",1,-0.33533183914304,-4.80855779182272
"6",0,"0",0,0.414490400651406,-8.85501820267875
"6",1,"0",0,0.414490400651406,-4.11313912384128
"6",2,"0",0,0.414490400651406,-6.60340432935106
"6",3,"0",0,0.414490400651406,0.693124403936814
"6",4,"0",0,0.414490400651406,-4.85896418787701
"7",0,"0",0,0.727206858384915,-1.54115123364813
"7",1,"0",0,0.727206858384915,-3.21290819198073
"7",2,"0",0,0.727206858384915,-4.07720359664285
"7",3,"0",0,0.727206858384915,-0.342933397897372
"7",4,"0",0,0.727206858384915,-3.31335333015899
"8",0,"0",0,0.125023278228496,7.20388612650725
"8",1,"1",0,0.125023278228496,6.67944865111492
"8",2,"1",0,0.125023278228496,6.39222539898133
"8",3,"1",0,0.125023278228496,6.42986214657539
"8",4,"1",0,0.125023278228496,8.84800175058512
"8",5,"1",0,0.125023278228496,10.5935432190386
"8",6,"2",0,0.125023278228496,1.30021944261083
"8",7,"2",0,0.125023278228496,11.5473292018386
"8",8,"2",0,0.125023278228496,3.66706357341784
"8",9,"2",0,0.125023278228496,-0.309501711225064
"8",10,"2",0,0.125023278228496,2.38183143659203
"8",11,"2",0,0.125023278228496,8.84339236246795
"8",12,"2",0,0.125023278228496,1.34092457018827
"8",13,"2",0,0.125023278228496,2.04807062965028
"9",0,"0",0,-0.233577255920951,2.64668634146679
"9",1,"0",0,-0.233577255920951,-4.06880863566709
"9",2,"0",0,-0.233577255920951,5.08590882014752
"9",3,"1",0,-0.233577255920951,-2.14754760248358
"9",4,"1",0,-0.233577255920951,2.24728359110127
"10",0,"0",0,-0.569140724401799,0.508035394963724
"10",1,"0",0,-0.569140724401799,-1.84493761074731
"10",2,"0",0,-0.569140724401799,-0.460996644516785
"10",3,"1",0,-0.569140724401799,-1.94385418060522
"10",4,"1",0,-0.569140724401799,-0.287364476865757
"11",0,"0",0,-0.443971662518778,-6.75586839864988
"11",1,"0",0,-0.443971662518778,-3.52099814516929
"11",2,"0",0,-0.443971662518778,-1.57345699807449
"11",3,"0",0,-0.443971662518778,3.32441380248276
"11",4,"1",0,-0.443971662518778,-2.62496160806521
"12",0,"0",1,-0.40337185782981,9.70104927838653
"12",1,"1",1,-0.40337185782981,4.26679523879029
"12",2,"1",1,-0.40337185782981,4.84897938091487
"12",3,"1",1,-0.40337185782981,6.64776386307037
"12",4,"1",1,-0.40337185782981,3.63770683374246
"12",5,"1",1,-0.40337185782981,8.57373124861911
"12",6,"2",1,-0.40337185782981,3.95332567077539
"12",7,"2",1,-0.40337185782981,4.00146168917226
"12",8,"2",1,-0.40337185782981,3.24448599632027
"12",9,"2",1,-0.40337185782981,7.83917311146262
"12",10,"2",1,-0.40337185782981,4.35669997845697
"12",11,"2",1,-0.40337185782981,2.52395785508014
"12",12,"2",1,-0.40337185782981,4.35991254129221
"12",13,"2",1,-0.40337185782981,6.86024547107832
"12",14,"2",1,-0.40337185782981,7.77573373191814
"12",15,"2",1,-0.40337185782981,1.90041964932963
"12",16,"2",1,-0.40337185782981,2.92285071015078
"12",17,"2",1,-0.40337185782981,5.92326461597499
"12",18,"2",1,-0.40337185782981,-0.542142015646449
"12",19,"2",1,-0.40337185782981,5.6209475105896
"12",20,"2",1,-0.40337185782981,7.07236184228016
"13",0,"0",1,1.19233716807074,-4.3645854215894
"13",1,"0",1,1.19233716807074,-6.80456034931874
"13",2,"0",1,1.19233716807074,-4.79397507456698
"13",3,"0",1,1.19233716807074,-7.87773286398096
"13",4,"0",1,1.19233716807074,-0.580740383470076
"14",0,"0",0,1.01292300653592,-1.38935990587583
"14",1,"0",0,1.01292300653592,4.50463891545886
"14",2,"1",0,1.01292300653592,4.94433611885956
"14",3,"1",0,1.01292300653592,0.816167494274318
"14",4,"1",0,1.01292300653592,2.77277026703617
"14",5,"1",0,1.01292300653592,1.57572884457743
"14",6,"1",0,1.01292300653592,3.0701899061595
"14",7,"2",0,1.01292300653592,7.33094849679453
"14",8,"2",0,1.01292300653592,0.741056909731889
"15",0,"0",1,0.165936505622417,-10.9852351018736
"15",1,"0",1,0.165936505622417,-9.33000545246342
"15",2,"0",1,0.165936505622417,-12.6237066244865
"15",3,"0",1,0.165936505622417,-12.0431928444944
"15",4,"0",1,0.165936505622417,-6.18863285179009
"15",5,"0",1,0.165936505622417,-1.70745476974459
"15",6,"1",1,0.165936505622417,-9.23220229139126
"15",7,"1",1,0.165936505622417,-7.08102958658144
"15",8,"1",1,0.165936505622417,-5.88483851173954
"16",0,"0",1,-0.903536451559115,-0.622422423410893
"16",1,"0",1,-0.903536451559115,1.2141971959497
"16",2,"0",1,-0.903536451559115,-0.151642755268494
"16",3,"1",1,-0.903536451559115,-4.57691795157668
"16",4,"1",1,-0.903536451559115,6.67397920826812
"16",5,"1",1,-0.903536451559115,1.83433816014889
"16",6,"1",1,-0.903536451559115,-0.55734924363718
"17",0,"0",0,-0.32208545102805,10.5784974853888
"17",1,"0",0,-0.32208545102805,-4.79058864325961
"17",2,"0",0,-0.32208545102805,0.74957280473942
"17",3,"1",0,-0.32208545102805,-12.8750605388778
"17",4,"1",0,-0.32208545102805,-0.580575625441412
"18",0,"1",0,0.23478983782401,15.7384865573285
"18",1,"1",0,0.23478983782401,12.6955517710449
"18",2,"1",0,0.23478983782401,8.69740531734423
"18",3,"1",0,0.23478983782401,18.0246231343708
"18",4,"2",0,0.23478983782401,12.7498599992396
"18",5,"2",0,0.23478983782401,15.7025980703669
"18",6,"2",0,0.23478983782401,11.4221311923603
"18",7,"2",0,0.23478983782401,12.7480302737806
"18",8,"2",0,0.23478983782401,10.0653228316914
"18",9,"2",0,0.23478983782401,10.0244440931615
"18",10,"2",0,0.23478983782401,8.28287552389141
"18",11,"2",0,0.23478983782401,11.5576706179626
"18",12,"2",0,0.23478983782401,9.74412016292322
"18",13,"2",0,0.23478983782401,15.1130776001382
"18",14,"2",0,0.23478983782401,9.94880911952937
"18",15,"2",0,0.23478983782401,12.6174661863662
"18",16,"2",0,0.23478983782401,14.8838084404179
"18",17,"2",0,0.23478983782401,18.4480356207584
"18",18,"2",0,0.23478983782401,9.81134306215655
"18",19,"2",0,0.23478983782401,11.3983663746545
"18",20,"2",0,0.23478983782401,11.7774796898928
"19",0,"0",1,0.207368958278313,-10.075421782098
"19",1,"0",1,0.207368958278313,-6.83530583092197
"19",2,"0",1,0.207368958278313,-6.63113153011678
"19",3,"0",1,0.207368958278313,-1.29279296729007
"19",4,"0",1,0.207368958278313,-9.93670315799417
"20",0,"1",0,-0.432802920339659,14.4955174812488
"20",1,"1",0,-0.432802920339659,11.2202592953069
"20",2,"2",0,-0.432802920339659,15.1189171642766
"20",3,"2",0,-0.432802920339659,16.3700903172745
"20",4,"2",0,-0.432802920339659,13.3705432144327
"20",5,"2",0,-0.432802920339659,16.4741043711566
"20",6,"2",0,-0.432802920339659,11.887019770593
"20",7,"2",0,-0.432802920339659,12.8525658125939
"20",8,"2",0,-0.432802920339659,12.8975067431242
"20",9,"2",0,-0.432802920339659,16.154933741194
"21",0,"0",1,0.512366508695351,-2.31971680183125
"21",1,"0",1,0.512366508695351,-5.27700347023105
"21",2,"0",1,0.512366508695351,-4.41570856527604
"21",3,"0",1,0.512366508695351,-5.41135093648811
"21",4,"0",1,0.512366508695351,-6.25723427647603
"22",0,"0",1,-0.403644907651026,-9.4595451183533
"22",1,"0",1,-0.403644907651026,-2.99394472067735
"22",2,"0",1,-0.403644907651026,-2.17323644385303
"22",3,"0",1,-0.403644907651026,-0.705107730091392
"22",4,"0",1,-0.403644907651026,-7.77717495280136
"22",5,"0",1,-0.403644907651026,-7.28908694175593
"22",6,"0",1,-0.403644907651026,-9.24418585512622
"22",7,"1",1,-0.403644907651026,-11.7866679504506
"22",8,"1",1,-0.403644907651026,-7.69960591114646
"22",9,"1",1,-0.403644907651026,-5.63636596404358
"22",10,"1",1,-0.403644907651026,-4.05275819146552
"22",11,"1",1,-0.403644907651026,-9.75334975137796
"23",0,"0",1,0.11266011984966,-2.53094954862749
"23",1,"0",1,0.11266011984966,-4.10324462851725
"23",2,"0",1,0.11266011984966,1.96220887460115
"23",3,"1",1,0.11266011984966,2.91666248858329
"23",4,"1",1,0.11266011984966,-0.317914977536797
"23",5,"1",1,0.11266011984966,-2.46233318258036
"24",0,"0",1,-0.270375519051905,4.79506678836999
"24",1,"0",1,-0.270375519051905,-0.954753669214656
"24",2,"0",1,-0.270375519051905,-2.44357557873291
"24",3,"1",1,-0.270375519051905,2.80152018966705
"24",4,"1",1,-0.270375519051905,0.99496094813086
"25",0,"0",1,1.20009068812821,-4.55530727784641
"25",1,"0",1,1.20009068812821,-0.922151235801683
"25",2,"1",1,1.20009068812821,-5.48328132304603
"25",3,"1",1,1.20009068812821,-3.17274506445049
"25",4,"1",1,1.20009068812821,-1.74077089207465
"26",0,"1",1,-1.28927270273368,13.2434608107978
"26",1,"1",1,-1.28927270273368,13.4697388444125
"26",2,"1",1,-1.28927270273368,11.416564902703
"26",3,"2",1,-1.28927270273368,11.9579644170868
"26",4,"2",1,-1.28927270273368,7.04463330923651
"27",0,"0",1,-0.561739456389774,-5.85119608822095
"27",1,"0",1,-0.561739456389774,-1.34450823376632
"27",2,"0",1,-0.561739456389774,3.84847785969737
"27",3,"0",1,-0.561739456389774,-1.08101205294483
"27",4,"0",1,-0.561739456389774,-3.30266436092692
"28",0,"1",1,-0.0238292969452627,4.82320992569398
"28",1,"1",1,-0.0238292969452627,6.82894322586316
"28",2,"1",1,-0.0238292969452627,9.77349989918535
"28",3,"1",1,-0.0238292969452627,4.288650864006
"28",4,"1",1,-0.0238292969452627,7.51379797017491
"29",0,"0",0,-1.53183280665887,-4.56306215825555
"29",1,"0",0,-1.53183280665887,-2.43544734153384
"29",2,"0",0,-1.53183280665887,-4.53097593162118
"29",3,"0",0,-1.53183280665887,-2.79216976999149
"29",4,"1",0,-1.53183280665887,0.0171311086233312
"30",0,"0",0,-0.0765997063950047,-0.897372709355121
"30",1,"0",0,-0.0765997063950047,-1.50946407867751
"30",2,"0",0,-0.0765997063950047,-0.195425231344191
"30",3,"0",0,-0.0765997063950047,-2.43032141921615
"30",4,"1",0,-0.0765997063950047,-0.451960400366748
"30",5,"1",0,-0.0765997063950047,1.29588790434493
"30",6,"1",0,-0.0765997063950047,0.725019405081842
"30",7,"1",0,-0.0765997063950047,1.85909456393438
"31",0,"0",1,1.04339918319304,2.71200750478396
"31",1,"0",1,1.04339918319304,-0.968487109232728
"31",2,"0",1,1.04339918319304,-3.47614831200175
"31",3,"1",1,1.04339918319304,-9.43825978875733
"31",4,"1",1,1.04339918319304,-1.19067906738755
"32",0,"0",0,-0.435407619039552,5.4931060484321
"32",1,"0",0,-0.435407619039552,2.34503205015034
"32",2,"1",0,-0.435407619039552,-2.59732195541428
"32",3,"1",0,-0.435407619039552,4.23360251828874
"32",4,"1",0,-0.435407619039552,3.05265651083502
"33",0,"0",1,-0.259973873342635,0.0318263768865455
"33",1,"0",1,-0.259973873342635,-2.4754636219871
"33",2,"0",1,-0.259973873342635,3.01718004079847
"33",3,"1",1,-0.259973873342635,-0.84496921205015
"33",4,"1",1,-0.259973873342635,0.104791705314031
"34",0,"0",1,-0.152753467630151,0.733875916270417
"34",1,"0",1,-0.152753467630151,-1.23060704555608
"34",2,"0",1,-0.152753467630151,1.21533303451926
"34",3,"1",1,-0.152753467630151,-1.66310984876477
"34",4,"1",1,-0.152753467630151,-3.86170007308843
"35",0,"1",1,0.440058561105521,17.7129079201469
"35",1,"1",1,0.440058561105521,13.2328318894893
"35",2,"1",1,0.440058561105521,17.4316500781013
"35",3,"2",1,0.440058561105521,17.5226629481761
"35",4,"2",1,0.440058561105521,16.709611060835
"35",5,"2",1,0.440058561105521,11.8532313742413
"35",6,"2",1,0.440058561105521,13.6611143313917
"35",7,"2",1,0.440058561105521,9.63790439278387
"35",8,"2",1,0.440058561105521,14.1188954679907
"35",9,"2",1,0.440058561105521,12.9506245418695
"35",10,"2",1,0.440058561105521,14.0404937281554
"35",11,"2",1,0.440058561105521,11.9932332990899
"35",12,"2",1,0.440058561105521,14.216863788053
"35",13,"2",1,0.440058561105521,8.3500044940294
"36",0,"1",0,0.918763724739024,10.2876855575865
"36",1,"1",0,0.918763724739024,15.1721670063696
"36",2,"1",0,0.918763724739024,7.98210423355637
"36",3,"2",0,0.918763724739024,10.2592206649175
"36",4,"2",0,0.918763724739024,11.5154626178533
"36",5,"2",0,0.918763724739024,9.68598046162712
"36",6,"2",0,0.918763724739024,14.6818080922037
"37",0,"1",1,0.560698244191658,10.9441346970138
"37",1,"1",1,0.560698244191658,11.4360599280567
"37",2,"1",1,0.560698244191658,15.1432630008525
"37",3,"1",1,0.560698244191658,14.9846771452116
"37",4,"2",1,0.560698244191658,7.47935475474679
"38",0,"0",0,-0.0585256941222571,-2.60582557404903
"38",1,"0",0,-0.0585256941222571,7.32524189247572
"38",2,"0",0,-0.0585256941222571,-0.544760296759486
"38",3,"1",0,-0.0585256941222571,2.92457531779014
"38",4,"1",0,-0.0585256941222571,3.01048400619163
"39",0,"0",0,-0.144806638060326,-0.495280967243128
"39",1,"0",0,-0.144806638060326,1.17173495735116
"39",2,"0",0,-0.144806638060326,-3.14675696648268
"39",3,"0",0,-0.144806638060326,0.593207698340859
"39",4,"1",0,-0.144806638060326,-5.23033049886634
"39",5,"1",0,-0.144806638060326,-2.39660125921042
"39",6,"1",0,-0.144806638060326,0.201669306062482
"40",0,"0",0,-0.0478348679232851,4.57251465097217
"40",1,"0",0,-0.0478348679232851,1.61181409939101
"40",2,"0",0,-0.0478348679232851,4.42565540241
"40",3,"1",0,-0.0478348679232851,4.00536274413031
"40",4,"1",0,-0.0478348679232851,-3.31791955466088
"41",0,"0",0,-0.0119065535128182,-5.56765582377764
"41",1,"0",0,-0.0119065535128182,-1.37610657500526
"41",2,"0",0,-0.0119065535128182,-1.14957204532219
"41",3,"0",0,-0.0119065535128182,-3.14375566909114
"41",4,"1",0,-0.0119065535128182,-0.274769426389709
"41",5,"1",0,-0.0119065535128182,-3.00661217929835
"41",6,"1",0,-0.0119065535128182,-6.01696998484614
"41",7,"1",0,-0.0119065535128182,-3.22584217707006
"41",8,"1",0,-0.0119065535128182,-4.01391078829187
"41",9,"2",0,-0.0119065535128182,-4.53056624979618
"41",10,"2",0,-0.0119065535128182,-10.1529177845557
"41",11,"2",0,-0.0119065535128182,3.11903995719677
"41",12,"2",0,-0.0119065535128182,-4.76429681712324
"41",13,"2",0,-0.0119065535128182,-2.96057392881969
"41",14,"2",0,-0.0119065535128182,-0.800374309811004
"41",15,"2",0,-0.0119065535128182,-4.11523244031354
"41",16,"2",0,-0.0119065535128182,-3.87229677504053
"41",17,"2",0,-0.0119065535128182,-4.92278763218403
"42",0,"0",1,0.206345496736756,0.564279939202732
"42",1,"1",1,0.206345496736756,3.98070795396907
"42",2,"1",1,0.206345496736756,4.99669488700741
"42",3,"1",1,0.206345496736756,1.14206235068126
"42",4,"1",1,0.206345496736756,6.2453788403307
"43",0,"0",0,0.0917403010661543,0.923533527475348
"43",1,"0",0,0.0917403010661543,2.19195224146943
"43",2,"1",0,0.0917403010661543,0.921947107714585
"43",3,"1",0,0.0917403010661543,0.264931839710755
"43",4,"1",0,0.0917403010661543,4.63974081313648
"44",0,"0",0,-0.583609608626917,1.51428014639028
"44",1,"0",0,-0.583609608626917,0.608996919653049
"44",2,"0",0,-0.583609608626917,1.2297742313461
"44",3,"1",0,-0.583609608626917,0.526649640125307
"44",4,"1",0,-0.583609608626917,1.7324600451308
"45",0,"0",1,0.107605479887295,-0.693976571284112
"45",1,"0",1,0.107605479887295,-4.41611240644709
"45",2,"0",1,0.107605479887295,-4.9413143949611
"45",3,"1",1,0.107605479887295,1.6391329666033
"45",4,"1",1,0.107605479887295,3.73080711012137
"46",0,"0",0,-0.577236092769108,-7.06487230320921
"46",1,"0",0,-0.577236092769108,-6.22840954912231
"46",2,"0",0,-0.577236092769108,-1.63892165945567
"46",3,"0",0,-0.577236092769108,-1.174829402711
"46",4,"1",0,-0.577236092769108,-4.44126201279924
"46",5,"1",0,-0.577236092769108,-3.51205721309578
"47",0,"0",0,-0.0738428995729082,-7.664963013712
"47",1,"0",0,-0.0738428995729082,-6.86706163006705
"47",2,"0",0,-0.0738428995729082,-6.09376311933078
"47",3,"0",0,-0.0738428995729082,-7.86845944455708
"47",4,"0",0,-0.0738428995729082,-9.9181338424483
"47",5,"0",0,-0.0738428995729082,0.0134414813487851
"47",6,"1",0,-0.0738428995729082,-5.51214580949338
"47",7,"1",0,-0.0738428995729082,-9.05563494487246
"47",8,"1",0,-0.0738428995729082,-14.5612380540671
"47",9,"1",0,-0.0738428995729082,-8.70346856592234
"47",10,"1",0,-0.0738428995729082,-6.28316858855606
"47",11,"2",0,-0.0738428995729082,-7.76784874240461
"47",12,"2",0,-0.0738428995729082,-7.79854128460041
"47",13,"2",0,-0.0738428995729082,-5.82277455272448
"47",14,"2",0,-0.0738428995729082,-3.81657913449142
"47",15,"2",0,-0.0738428995729082,-7.09924616071706
"47",16,"2",0,-0.0738428995729082,-7.24053758935904
"47",17,"2",0,-0.0738428995729082,-9.43398037995299
"47",18,"2",0,-0.0738428995729082,-12.8627335230803
"48",0,"0",0,-0.121566129284232,-1.26136148891255
"48",1,"0",0,-0.121566129284232,-1.03710864410293
"48",2,"1",0,-0.121566129284232,4.5401919769566
"48",3,"1",0,-0.121566129284232,0.598796777341721
"48",4,"1",0,-0.121566129284232,1.51421091186055
"49",0,"0",1,0.227607840070257,-1.19602313230725
"49",1,"0",1,0.227607840070257,-3.32722265153321
"49",2,"0",1,0.227607840070257,-2.56076417535995
"49",3,"1",1,0.227607840070257,-1.97413302597647
"49",4,"1",1,0.227607840070257,-3.07357213744688
"49",5,"1",1,0.227607840070257,-0.877392049012048
"49",6,"1",1,0.227607840070257,-4.68894090218268
"49",7,"1",1,0.227607840070257,0.228673997780872
"49",8,"2",1,0.227607840070257,0.366351890952552
"49",9,"2",1,0.227607840070257,-4.20787463654234
"49",10,"2",1,0.227607840070257,-2.92044918462381
"49",11,"2",1,0.227607840070257,-2.43846466498248
"50",0,"0",1,1.30975846436017,-8.30912817873255
"50",1,"0",1,1.30975846436017,-17.8853053086647
"50",2,"0",1,1.30975846436017,-14.2971902262045
"50",3,"0",1,1.30975846436017,-12.5100334464523
"50",4,"0",1,1.30975846436017,-8.21501918940567
"51",0,"0",0,0.413476636550519,-8.45549503324654
"51",1,"0",0,0.413476636550519,-8.59363979066857
"51",2,"0",0,0.413476636550519,-10.4931060588744
"51",3,"0",0,0.413476636550519,-12.0331127149534
"51",4,"0",0,0.413476636550519,-7.35414553778837
"51",5,"0",0,0.413476636550519,-8.71191119582735
"51",6,"1",0,0.413476636550519,-8.5981009026804
"51",7,"1",0,0.413476636550519,-3.43039346445898
"51",8,"1",0,0.413476636550519,-7.29280624801884
"51",9,"1",0,0.413476636550519,0.64364262999875
"51",10,"1",0,0.413476636550519,-10.1541990241961
"51",11,"2",0,0.413476636550519,-4.28977798706566
"51",12,"2",0,0.413476636550519,0.31929008208284
"51",13,"2",0,0.413476636550519,-5.47799607535912
"51",14,"2",0,0.413476636550519,-4.48284403384439
"51",15,"2",0,0.413476636550519,-10.6941966544764
"51",16,"2",0,0.413476636550519,-9.18540335434185
"51",17,"2",0,0.413476636550519,-7.0922549449858
"51",18,"2",0,0.413476636550519,-6.39777798463996
"52",0,"0",1,-1.05075508093835,-10.3680753785494
"52",1,"0",1,-1.05075508093835,-10.3696877303587
"52",2,"0",1,-1.05075508093835,-14.1506294024095
"52",3,"0",1,-1.05075508093835,-4.95182597688807
"52",4,"0",1,-1.05075508093835,-10.0508654917559
"53",0,"0",1,0.643970984147031,-5.67956478978773
"53",1,"0",1,0.643970984147031,-1.60759315539073
"53",2,"0",1,0.643970984147031,1.07416550853989
"53",3,"0",1,0.643970984147031,0.31094432569458
"53",4,"1",1,0.643970984147031,-5.56228067727254
"54",0,"0",0,0.0496907123605428,-10.8899931504249
"54",1,"0",0,0.0496907123605428,-7.90463811536929
"54",2,"0",0,0.0496907123605428,-10.8197316612928
"54",3,"0",0,0.0496907123605428,-10.5917300753732
"54",4,"0",0,0.0496907123605428,-6.68052417710606
"54",5,"0",0,0.0496907123605428,-8.91974161196596
"54",6,"1",0,0.0496907123605428,-7.23123155096155
"54",7,"1",0,0.0496907123605428,-12.1974670694456
"54",8,"1",0,0.0496907123605428,-9.65519707538389
"55",0,"0",0,0.155771421501943,-2.12764238335199
"55",1,"0",0,0.155771421501943,0.901693531276442
"55",2,"0",0,0.155771421501943,-0.944350231676316
"55",3,"1",0,0.155771421501943,-1.01791398923051
"55",4,"1",0,0.155771421501943,3.05384477869438
"56",0,"0",0,0.532530866233133,7.20458885163177
"56",1,"1",0,0.532530866233133,-2.89979277635214
"56",2,"1",0,0.532530866233133,9.43285000974058
"56",3,"1",0,0.532530866233133,4.83051656568303
"56",4,"1",0,0.532530866233133,7.44369435623674
"57",0,"0",0,0.350830117210641,4.10432616608972
"57",1,"0",0,0.350830117210641,5.31212915184456
"57",2,"1",0,0.350830117210641,2.17690717774896
"57",3,"1",0,0.350830117210641,2.98249030065204
"57",4,"1",0,0.350830117210641,4.647058831775
"58",0,"0",1,1.00581323339398,3.30912933941699
"58",1,"0",1,1.00581323339398,-8.02960167345269
"58",2,"0",1,1.00581323339398,-6.51244741540905
"58",3,"0",1,1.00581323339398,-7.27276111691265
"58",4,"0",1,1.00581323339398,-12.0620883784422
"59",0,"0",1,0.688560147845076,-13.1742222571288
"59",1,"0",1,0.688560147845076,-12.1992765937586
"59",2,"0",1,0.688560147845076,-7.58049762930738
"59",3,"0",1,0.688560147845076,-10.5233483581834
"59",4,"0",1,0.688560147845076,-7.48784654562332
"60",0,"1",1,0.456731968334846,11.7773919995578
"60",1,"1",1,0.456731968334846,6.43957586849235
"60",2,"1",1,0.456731968334846,8.34838780905064
"60",3,"1",1,0.456731968334846,9.29281308654873
"60",4,"1",1,0.456731968334846,2.15451375742372
"61",0,"0",0,-0.127160850303133,1.55295756470877
"61",1,"0",0,-0.127160850303133,-0.751266824538111
"61",2,"0",0,-0.127160850303133,4.63483107106745
"61",3,"1",0,-0.127160850303133,2.21088584454486
"61",4,"1",0,-0.127160850303133,7.57131508043332
"62",0,"0",1,0.0683747066053196,1.66745755231984
"62",1,"0",1,0.0683747066053196,-4.67522628335789
"62",2,"0",1,0.0683747066053196,-2.0926136179244
"62",3,"0",1,0.0683747066053196,-5.6539257266037
"62",4,"0",1,0.0683747066053196,-7.09489198772551
"62",5,"1",1,0.0683747066053196,-6.30864991652405
"63",0,"0",0,-0.450946742732828,4.47853054780793
"63",1,"0",0,-0.450946742732828,-2.18699126378064
"63",2,"0",0,-0.450946742732828,-1.80515838678748
"63",3,"1",0,-0.450946742732828,4.5711528686929
"63",4,"1",0,-0.450946742732828,-3.10314719387614
"64",0,"0",0,0.0221924189659671,-3.85288569674637
"64",1,"0",0,0.0221924189659671,-4.18634400352958
"64",2,"0",0,0.0221924189659671,-3.00018360808593
"64",3,"0",0,0.0221924189659671,-9.07526707997203
"64",4,"0",0,0.0221924189659671,0.623256807286059
"65",0,"0",0,-1.09360423691182,-11.0736510068817
"65",1,"0",0,-1.09360423691182,-20.1287071801483
"65",2,"0",0,-1.09360423691182,-19.2966336283238
"65",3,"0",0,-1.09360423691182,-15.1368270437083
"65",4,"0",0,-1.09360423691182,-16.1476434204087
"66",0,"0",1,-0.268510830840191,4.47945786175341
"66",1,"1",1,-0.268510830840191,5.47839796940944
"66",2,"1",1,-0.268510830840191,5.52199390869872
"66",3,"1",1,-0.268510830840191,5.72460430469993
"66",4,"1",1,-0.268510830840191,1.78036693773882
"67",0,"0",0,0.896435434034984,6.4440993677186
"67",1,"1",0,0.896435434034984,0.587970327684611
"67",2,"1",0,0.896435434034984,4.24351972962616
"67",3,"1",0,0.896435434034984,5.24656599086896
"67",4,"1",0,0.896435434034984,5.52206980302372
"68",0,"0",0,0.27312974637266,-3.9680575892952
"68",1,"0",0,0.27312974637266,-3.65760942636648
"68",2,"0",0,0.27312974637266,-7.79006869202714
"68",3,"0",0,0.27312974637266,-0.618506793678029
"68",4,"1",0,0.27312974637266,-7.78820730696526
"69",0,"1",0,0.210278101048891,11.3115242586621
"69",1,"1",0,0.210278101048891,11.3780794275139
"69",2,"1",0,0.210278101048891,8.04884749872987
"69",3,"1",0,0.210278101048891,11.3316102124474
"69",4,"2",0,0.210278101048891,6.52888072494151
"69",5,"2",0,0.210278101048891,7.38557636023886
"70",0,"0",0,0.906801698449778,-3.85209240748953
"70",1,"0",0,0.906801698449778,-9.61817005255626
"70",2,"0",0,0.906801698449778,-4.73417044531493
"70",3,"0",0,0.906801698449778,5.1364928289708
"70",4,"0",0,0.906801698449778,-6.98216401409016
"70",5,"1",0,0.906801698449778,-3.25376055883683
"71",0,"0",1,-0.302960206618848,-0.359700433096783
"71",1,"0",1,-0.302960206618848,2.80671290852308
"71",2,"0",1,-0.302960206618848,-0.930226505148964
"71",3,"1",1,-0.302960206618848,2.46374054498652
"71",4,"1",1,-0.302960206618848,4.75732345555241
"72",0,"0",1,-0.940329857490288,-8.54716358637005
"72",1,"0",1,-0.940329857490288,-6.82696998177765
"72",2,"0",1,-0.940329857490288,-8.89362593413707
"72",3,"0",1,-0.940329857490288,-3.41444459245472
"72",4,"0",1,-0.940329857490288,-6.55746844075477
"73",0,"1",1,-0.915705566013611,3.03545320753085
"73",1,"1",1,-0.915705566013611,13.8454588687141
"73",2,"2",1,-0.915705566013611,20.5136767334358
"73",3,"2",1,-0.915705566013611,16.6783757255745
"73",4,"2",1,-0.915705566013611,19.7684813606959
"74",0,"1",0,-0.709375632909034,18.2742706240359
"74",1,"2",0,-0.709375632909034,14.2543118761373
"74",2,"2",0,-0.709375632909034,18.5098242899643
"74",3,"2",0,-0.709375632909034,14.7738514511912
"74",4,"2",0,-0.709375632909034,21.2902886773789
"74",5,"2",0,-0.709375632909034,23.4188129606411
"74",6,"2",0,-0.709375632909034,23.0053124931533
"74",7,"2",0,-0.709375632909034,16.5618830980087
"75",0,"0",0,-0.179145463319847,4.82599332185326
"75",1,"0",0,-0.179145463319847,6.52179239404414
"75",2,"1",0,-0.179145463319847,2.45105405306692
"75",3,"1",0,-0.179145463319847,3.30693505240039
"75",4,"1",0,-0.179145463319847,5.65636492226744
"76",0,"2",0,0.314054803029087,26.2628503836146
"76",1,"2",0,0.314054803029087,23.7566336487774
"76",2,"2",0,0.314054803029087,21.8199502847549
"76",3,"2",0,0.314054803029087,23.1918723380707
"76",4,"2",0,0.314054803029087,25.5406518361245
"76",5,"2",0,0.314054803029087,19.7249457145959
"76",6,"2",0,0.314054803029087,22.2632415362854
"76",7,"2",0,0.314054803029087,23.5212634559957
"76",8,"2",0,0.314054803029087,23.5774395136399
"76",9,"2",0,0.314054803029087,26.5806407192939
"76",10,"2",0,0.314054803029087,16.5920676530065
"76",11,"2",0,0.314054803029087,24.1304529299721
"76",12,"2",0,0.314054803029087,23.7255000501074
"76",13,"2",0,0.314054803029087,28.5766979097327
"76",14,"2",0,0.314054803029087,22.9915537990094
"76",15,"2",0,0.314054803029087,24.3637933149328
"76",16,"2",0,0.314054803029087,22.974601199604
"76",17,"2",0,0.314054803029087,26.6121085631098
"76",18,"2",0,0.314054803029087,25.7509862997514
"76",19,"2",0,0.314054803029087,19.6516749766026
"76",20,"2",0,0.314054803029087,28.9220081867302
"77",0,"0",0,0.255930290098873,3.7202384516415
"77",1,"1",0,0.255930290098873,6.91668567338659
"77",2,"1",0,0.255930290098873,3.85928100805061
"77",3,"1",0,0.255930290098873,3.10514113755718
"77",4,"1",0,0.255930290098873,6.28409831886233
"78",0,"0",1,0.282154723105416,3.14945519537927
"78",1,"0",1,0.282154723105416,5.24339574372063
"78",2,"0",1,0.282154723105416,-1.38259218179006
"78",3,"1",1,0.282154723105416,0.263634553224906
"78",4,"1",1,0.282154723105416,-1.03387836551702
"78",5,"1",1,0.282154723105416,0.843599093255298
"78",6,"1",1,0.282154723105416,-4.25381396561929
"78",7,"1",1,0.282154723105416,0.927150898799964
"78",8,"2",1,0.282154723105416,2.15169559075232
"78",9,"2",1,0.282154723105416,6.07629497600179
"78",10,"2",1,0.282154723105416,-0.119337669306609
"78",11,"2",1,0.282154723105416,3.77284795272649
"79",0,"0",1,0.0952345733852936,6.94455428052648
"79",1,"1",1,0.0952345733852936,6.52496342554052
"79",2,"1",1,0.0952345733852936,8.23800143685517
"79",3,"1",1,0.0952345733852936,6.35665321967719
"79",4,"1",1,0.0952345733852936,2.21714959081268
"80",0,"0",1,-0.169440231942872,-4.28238856600864
"80",1,"0",1,-0.169440231942872,-12.9197698534595
"80",2,"0",1,-0.169440231942872,-8.64327361646724
"80",3,"0",1,-0.169440231942872,-11.7744390516697
"80",4,"0",1,-0.169440231942872,-9.76057331933422
"81",0,"0",0,0.391577745793484,1.1531869248793
"81",1,"0",0,0.391577745793484,1.45165698344567
"81",2,"0",0,0.391577745793484,2.05549519805805
"81",3,"0",0,0.391577745793484,4.42838555279553
"81",4,"1",0,0.391577745793484,3.59609036655646
"82",0,"0",1,0.623049016754051,-8.6936009345353
"82",1,"0",1,0.623049016754051,-8.8056970637846
"82",2,"0",1,0.623049016754051,-10.5391047532211
"82",3,"0",1,0.623049016754051,-9.73486472165134
"82",4,"0",1,0.623049016754051,-6.63340203779797
"82",5,"1",1,0.623049016754051,-6.90013553873304
"82",6,"1",1,0.623049016754051,-1.65341637002103
"82",7,"1",1,0.623049016754051,-8.74983085273266
"82",8,"1",1,0.623049016754051,-4.16646607764695
"82",9,"1",1,0.623049016754051,-7.78599282870233
"82",10,"2",1,0.623049016754051,-6.80876900603474
"82",11,"2",1,0.623049016754051,-2.61314795187848
"83",0,"0",0,0.554546806351348,-9.10628902335265
"83",1,"0",0,0.554546806351348,-6.82812409649817
"83",2,"0",0,0.554546806351348,-4.73976625916986
"83",3,"0",0,0.554546806351348,-5.4583091872727
"83",4,"0",0,0.554546806351348,-11.4568666196173
"84",0,"0",1,-0.570451741553955,-14.4137447024533
"84",1,"0",1,-0.570451741553955,-13.1768478736177
"84",2,"0",1,-0.570451741553955,-12.3014807033184
"84",3,"0",1,-0.570451741553955,-10.5112754713689
"84",4,"0",1,-0.570451741553955,-15.8578223653023
"84",5,"0",1,-0.570451741553955,-5.2825876143046
"84",6,"0",1,-0.570451741553955,-12.420079746503
"84",7,"1",1,-0.570451741553955,-11.3738720976938
"84",8,"1",1,-0.570451741553955,-13.151453682752
"84",9,"1",1,-0.570451741553955,-16.3880902718602
"84",10,"1",1,-0.570451741553955,-17.1432220176814
"84",11,"1",1,-0.570451741553955,-13.1873208468639
"84",12,"2",1,-0.570451741553955,-14.8718834800734
"84",13,"2",1,-0.570451741553955,-10.972037480032
"85",0,"0",0,0.221591408991718,-0.65785720908503
"85",1,"0",0,0.221591408991718,2.34408574888431
"85",2,"0",0,0.221591408991718,-1.96256323177003
"85",3,"1",0,0.221591408991718,1.13963827427369
"85",4,"1",0,0.221591408991718,3.63005923027591
"86",0,"0",1,0.542859811753143,-9.25789446368548
"86",1,"0",1,0.542859811753143,-3.81981883128633
"86",2,"0",1,0.542859811753143,-10.4817139191492
"86",3,"0",1,0.542859811753143,-5.43156075534294
"86",4,"0",1,0.542859811753143,-9.70554127327158
"86",5,"0",1,0.542859811753143,0.046380765721592
"87",0,"0",1,-0.339976712400683,0.535299267480529
"87",1,"1",1,-0.339976712400683,-1.74386550850313
"87",2,"1",1,-0.339976712400683,-1.48430700502389
"87",3,"1",1,-0.339976712400683,-2.27011339845136
"87",4,"1",1,-0.339976712400683,3.80148320383515
"88",0,"0",1,-0.668533668255129,7.87542330473234
"88",1,"1",1,-0.668533668255129,5.23846591405519
"88",2,"1",1,-0.668533668255129,6.49206920771221
"88",3,"1",1,-0.668533668255129,2.67601075714432
"88",4,"1",1,-0.668533668255129,4.15758043729656
"89",0,"1",1,-0.0930477011003211,11.6857933391676
"89",1,"1",1,-0.0930477011003211,4.67493971120599
"89",2,"1",1,-0.0930477011003211,8.77671997977573
"89",3,"2",1,-0.0930477011003211,12.5156497620382
"89",4,"2",1,-0.0930477011003211,9.08985104809652
"90",0,"0",0,0.417340013806389,5.61168036018745
"90",1,"0",0,0.417340013806389,-0.49456407336044
"90",2,"0",0,0.417340013806389,4.40712127264243
"90",3,"0",0,0.417340013806389,1.23633012134956
"90",4,"1",0,0.417340013806389,5.04986110712463
"91",0,"0",1,-0.346601206701704,-2.39991930426773
"91",1,"0",1,-0.346601206701704,3.62640390536097
"91",2,"1",1,-0.346601206701704,3.90300470366184
"91",3,"1",1,-0.346601206701704,3.49086966847792
"91",4,"1",1,-0.346601206701704,5.92634561135972
"91",5,"1",1,-0.346601206701704,2.27829668573417
"91",6,"1",1,-0.346601206701704,2.15374770478419
"92",0,"0",1,-0.488605858061399,-1.19646885664847
"92",1,"0",1,-0.488605858061399,-1.31791812609856
"92",2,"0",1,-0.488605858061399,0.74798446146788
"92",3,"0",1,-0.488605858061399,-0.220138950876413
"92",4,"1",1,-0.488605858061399,-1.78301478804825
"93",0,"0",1,-0.00293137205798946,-9.47200721112011
"93",1,"0",1,-0.00293137205798946,-5.9375968646197
"93",2,"0",1,-0.00293137205798946,-6.16155725266197
"93",3,"0",1,-0.00293137205798946,-4.7975267557742
"93",4,"0",1,-0.00293137205798946,-9.59864176240404
"94",0,"0",0,-0.15111159944138,-6.12774584918673
"94",1,"0",0,-0.15111159944138,-9.49804457446758
"94",2,"0",0,-0.15111159944138,-6.81389328011273
"94",3,"0",0,-0.15111159944138,-7.26781374840139
"94",4,"0",0,-0.15111159944138,-2.80855411208353
"95",0,"0",0,-0.921044793358322,5.73734459327275
"95",1,"1",0,-0.921044793358322,-2.0168133713078
"95",2,"1",0,-0.921044793358322,8.86338313028826
"95",3,"1",0,-0.921044793358322,-1.42806959852058
"95",4,"1",0,-0.921044793358322,5.25447714872814
"95",5,"1",0,-0.921044793358322,1.90536426398784
"96",0,"0",1,0.574856420120778,10.4199211965864
"96",1,"1",1,0.574856420120778,1.98811964430269
"96",2,"1",1,0.574856420120778,1.15561529361698
"96",3,"1",1,0.574856420120778,1.20093333184906
"96",4,"1",1,0.574856420120778,-6.74261876102411
"97",0,"0",0,-0.189201903798797,3.55141911851488
"97",1,"0",0,-0.189201903798797,-1.066764741987
"97",2,"0",0,-0.189201903798797,-3.66554960749665
"97",3,"1",0,-0.189201903798797,1.73811617296475
"97",4,"1",0,-0.189201903798797,-5.94103544927507
"98",0,"0",0,0.652229573003345,3.17691688804771
"98",1,"0",0,0.652229573003345,2.24628340812684
"98",2,"1",0,0.652229573003345,-3.48204891447363
"98",3,"1",0,0.652229573003345,9.848574512186
"98",4,"1",0,0.652229573003345,5.78799543395119
"99",0,"0",0,0.0424351762816511,1.60645813463627
"99",1,"0",0,0.0424351762816511,3.29968723507445
"99",2,"1",0,0.0424351762816511,2.7770891515491
"99",3,"1",0,0.0424351762816511,2.07242562659456
"99",4,"1",0,0.0424351762816511,0.380962332536864
"100",0,"2",1,0.675527551814175,24.9546026616458
"100",1,"2",1,0.675527551814175,24.9960554393899
"100",2,"2",1,0.675527551814175,21.4004953528545
"100",3,"2",1,0.675527551814175,25.1384602666691
"100",4,"2",1,0.675527551814175,22.8292600194543
"100",5,"2",1,0.675527551814175,24.5852915390805
"100",6,"2",1,0.675527551814175,22.1654626388598
"100",7,"2",1,0.675527551814175,19.7746115016374
"100",8,"2",1,0.675527551814175,24.5922185542197
"100",9,"2",1,0.675527551814175,25.8252312450592
"100",10,"2",1,0.675527551814175,19.6028637382037
"100",11,"2",1,0.675527551814175,22.5555430565322
"100",12,"2",1,0.675527551814175,27.5539717285569
"101",0,"0",0,-0.257757508316485,5.36609514388242
"101",1,"1",0,-0.257757508316485,7.56308732680535
"101",2,"1",0,-0.257757508316485,4.72929353989154
"101",3,"1",0,-0.257757508316485,2.39755136262774
"101",4,"1",0,-0.257757508316485,8.71745791567258
"102",0,"0",0,0.425119442931708,-1.2039537137003
"102",1,"0",0,0.425119442931708,-1.17440266924518
"102",2,"0",0,0.425119442931708,0.346884043255874
"102",3,"1",0,0.425119442931708,-0.578719392606579
"102",4,"1",0,0.425119442931708,2.84667763286285
"103",0,"0",0,0.237772270229104,-1.03128858523301
"103",1,"0",0,0.237772270229104,2.15337193143158
"103",2,"0",0,0.237772270229104,0.451919691175008
"103",3,"1",0,0.237772270229104,-2.28756139506695
"103",4,"1",0,0.237772270229104,0.0404308432820459
"104",0,"0",0,-0.20363156971391,6.88467334088651
"104",1,"1",0,-0.20363156971391,3.35922821066221
"104",2,"1",0,-0.20363156971391,9.4790897976644
"104",3,"1",0,-0.20363156971391,2.22818618430479
"104",4,"1",0,-0.20363156971391,0.807235428222887
"105",0,"0",0,0.406838367920729,-2.60812996775628
"105",1,"0",0,0.406838367920729,-6.70477261185989
"105",2,"0",0,0.406838367920729,-0.0470404448514361
"105",3,"0",0,0.406838367920729,-3.45492180982482
"105",4,"0",0,0.406838367920729,-2.31291387413851
"105",5,"1",0,0.406838367920729,-7.2088867723471
"105",6,"1",0,0.406838367920729,0.568101369442934
"106",0,"0",1,0.262527513559986,0.279387883118227
"106",1,"0",1,0.262527513559986,-2.58740395327762
"106",2,"0",1,0.262527513559986,-4.73712502279222
"106",3,"0",1,0.262527513559986,-2.68758560250332
"106",4,"1",1,0.262527513559986,-3.69163374302867
"107",0,"0",1,-0.00050354011968118,-4.12221371411374
"107",1,"0",1,-0.00050354011968118,-7.29681770584697
"107",2,"0",1,-0.00050354011968118,-9.63918978692914
"107",3,"0",1,-0.00050354011968118,-4.59371491274764
"107",4,"0",1,-0.00050354011968118,-5.07742937810945
"108",0,"1",0,-0.756249687128936,11.0672317242975
"108",1,"1",0,-0.756249687128936,11.9185931376811
"108",2,"1",0,-0.756249687128936,11.8200025483674
"108",3,"1",0,-0.756249687128936,4.99110440739733
"108",4,"2",0,-0.756249687128936,11.4739413987521
"109",0,"0",1,0.0105256911411814,6.96736228607912
"109",1,"1",1,0.0105256911411814,5.19656153509332
"109",2,"1",1,0.0105256911411814,3.76918409879113
"109",3,"1",1,0.0105256911411814,3.06266851565791
"109",4,"1",1,0.0105256911411814,7.94649451758283
"110",0,"0",0,0.753936303296272,-26.4314300144821
"110",1,"0",0,0.753936303296272,-24.6574223507622
"110",2,"0",0,0.753936303296272,-25.3023910719638
"110",3,"0",0,0.753936303296272,-31.4870263757656
"110",4,"0",0,0.753936303296272,-26.2496488379274
"110",5,"0",0,0.753936303296272,-24.5209647116086
"110",6,"0",0,0.753936303296272,-30.5849459423279
"110",7,"0",0,0.753936303296272,-26.8008208997526
"110",8,"0",0,0.753936303296272,-29.9715973614304
"110",9,"0",0,0.753936303296272,-27.8552616078182
"110",10,"0",0,0.753936303296272,-21.3140432921426
"110",11,"0",0,0.753936303296272,-25.8844443905265
"110",12,"0",0,0.753936303296272,-27.1327666396041
"110",13,"1",0,0.753936303296272,-28.9924905714163
"110",14,"1",0,0.753936303296272,-26.6846351242809
"110",15,"1",0,0.753936303296272,-26.941921501908
"111",0,"1",1,0.499857539578929,2.43125314019645
"111",1,"1",1,0.499857539578929,3.50133602331535
"111",2,"1",1,0.499857539578929,3.0865915529428
"111",3,"1",1,0.499857539578929,6.74296103234664
"111",4,"1",1,0.499857539578929,2.66643064319415
"112",0,"0",0,0.116673160372637,-14.6080622773461
"112",1,"0",0,0.116673160372637,-12.9480640123406
"112",2,"0",0,0.116673160372637,-14.6912964340591
"112",3,"0",0,0.116673160372637,-15.4023920197441
"112",4,"0",0,0.116673160372637,-11.6799474212759
"112",5,"0",0,0.116673160372637,-15.2634109936229
"112",6,"0",0,0.116673160372637,-12.0431618219658
"112",7,"0",0,0.116673160372637,-17.2674107738566
"112",8,"0",0,0.116673160372637,-11.2055933187356
"112",9,"1",0,0.116673160372637,-8.38817878239239
"112",10,"1",0,0.116673160372637,-14.4548871183886
"112",11,"1",0,0.116673160372637,-7.46815819649806
"113",0,"1",0,-0.0949441604730252,9.26454839372144
"113",1,"1",0,-0.0949441604730252,6.62260579586585
"113",2,"1",0,-0.0949441604730252,9.94942191679478
"113",3,"1",0,-0.0949441604730252,5.65017118335098
"113",4,"1",0,-0.0949441604730252,10.452010626059
"113",5,"2",0,-0.0949441604730252,8.79457804821839
"113",6,"2",0,-0.0949441604730252,12.0646171101213
"113",7,"2",0,-0.0949441604730252,5.35014238481336
"113",8,"2",0,-0.0949441604730252,11.1034112678099
"113",9,"2",0,-0.0949441604730252,7.95661752628817
"113",10,"2",0,-0.0949441604730252,9.33175286519119
"113",11,"2",0,-0.0949441604730252,14.7116167164608
"113",12,"2",0,-0.0949441604730252,6.49805308776667
"113",13,"2",0,-0.0949441604730252,12.0809042969458
"113",14,"2",0,-0.0949441604730252,16.865986022796
"113",15,"2",0,-0.0949441604730252,7.58500873839947
"113",16,"2",0,-0.0949441604730252,10.3050490504063
"113",17,"2",0,-0.0949441604730252,12.9700617255062
"113",18,"2",0,-0.0949441604730252,5.45721399168458
"113",19,"2",0,-0.0949441604730252,3.87197336284479
"114",0,"0",1,0.191205006095906,-5.13527093482205
"114",1,"0",1,0.191205006095906,-8.91575638330042
"114",2,"0",1,0.191205006095906,-13.3238209454186
"114",3,"0",1,0.191205006095906,-8.50426626119344
"114",4,"0",1,0.191205006095906,-9.838382840507
"114",5,"1",1,0.191205006095906,-7.17281284793766
"114",6,"1",1,0.191205006095906,-7.10130360024845
"114",7,"1",1,0.191205006095906,-3.93968440632394
"115",0,"0",1,0.373642291471989,-0.88067767367308
"115",1,"0",1,0.373642291471989,-1.25374703195854
"115",2,"0",1,0.373642291471989,0.334683309640127
"115",3,"1",1,0.373642291471989,0.272617229745055
"115",4,"1",1,0.373642291471989,1.28172252243136
"116",0,"0",1,0.0820621480990828,-4.85516229501667
"116",1,"0",1,0.0820621480990828,-1.18041246374156
"116",2,"0",1,0.0820621480990828,-1.8391976474953
"116",3,"1",1,0.0820621480990828,2.11152637462947
"116",4,"1",1,0.0820621480990828,5.2183551005245
"116",5,"1",1,0.0820621480990828,0.407497270119178
"117",0,"0",1,0.220314574959733,-7.70109965245439
"117",1,"0",1,0.220314574959733,-6.56773865359148
"117",2,"0",1,0.220314574959733,-6.6377158077121
"117",3,"1",1,0.220314574959733,-7.36875112654628
"117",4,"1",1,0.220314574959733,-5.84206238202561
"117",5,"1",1,0.220314574959733,-13.3787813983233
"117",6,"1",1,0.220314574959733,-8.38554003217122
"117",7,"1",1,0.220314574959733,-7.02431369568025
"117",8,"2",1,0.220314574959733,-8.63179892982755
"118",0,"0",0,0.720274477732362,3.43521316106654
"118",1,"0",0,0.720274477732362,-2.22240086067542
"118",2,"0",0,0.720274477732362,-0.142584602022175
"118",3,"0",0,0.720274477732362,-1.91416536551135
"118",4,"1",0,0.720274477732362,0.752191514828034
"119",0,"0",0,0.435707572926505,4.10425698150865
"119",1,"0",0,0.435707572926505,1.73823230449955
"119",2,"1",0,0.435707572926505,6.53883226643551
"119",3,"1",0,0.435707572926505,0.228843172858821
"119",4,"1",0,0.435707572926505,2.56516995071911
"119",5,"1",0,0.435707572926505,-2.03683165487138
"119",6,"1",0,0.435707572926505,4.75958802285372
"119",7,"2",0,0.435707572926505,0.852176264770315
"119",8,"2",0,0.435707572926505,-0.199739955661581
"119",9,"2",0,0.435707572926505,3.68703217863658
"120",0,"0",1,-0.318082601089691,-5.90043877715673
"120",1,"0",1,-0.318082601089691,-6.47331570943763
"120",2,"0",1,-0.318082601089691,-0.97129833227152
"120",3,"0",1,-0.318082601089691,-5.11034662824058
"120",4,"0",1,-0.318082601089691,0.505284164491647
"120",5,"1",1,-0.318082601089691,-3.3290063660815
"120",6,"1",1,-0.318082601089691,-6.35737080119215
"120",7,"1",1,-0.318082601089691,-11.1105528361728
"120",8,"1",1,-0.318082601089691,-6.23236344857568
"120",9,"1",1,-0.318082601089691,-5.26023091785971
"120",10,"2",1,-0.318082601089691,-5.73859898646207
"121",0,"0",0,0.555245702624995,4.37931299899215
"121",1,"1",0,0.555245702624995,5.43320785671018
"121",2,"1",0,0.555245702624995,4.02946090646837
"121",3,"1",0,0.555245702624995,-4.17788904530221
"121",4,"1",0,0.555245702624995,10.7369045214813
"122",0,"0",1,-0.491999142835913,-3.77129876819794
"122",1,"0",1,-0.491999142835913,-3.22267864576348
"122",2,"0",1,-0.491999142835913,-8.00495470365414
"122",3,"1",1,-0.491999142835913,2.25888518721979
"122",4,"1",1,-0.491999142835913,-3.79971562658709
"122",5,"1",1,-0.491999142835913,-6.17168892645715
"123",0,"0",0,-0.877032478814073,-10.5610907351356
"123",1,"0",0,-0.877032478814073,-7.40119994454426
"123",2,"0",0,-0.877032478814073,-6.06666487866684
"123",3,"0",0,-0.877032478814073,-7.54593400724362
"123",4,"0",0,-0.877032478814073,-4.43650626210459
"123",5,"0",0,-0.877032478814073,-8.52001000990006
"124",0,"0",0,-0.31856158094564,-0.988011148048877
"124",1,"0",0,-0.31856158094564,-1.45735866898695
"124",2,"0",0,-0.31856158094564,-1.84554700890362
"124",3,"0",0,-0.31856158094564,-4.07127383091391
"124",4,"1",0,-0.31856158094564,0.186737326618789
"124",5,"1",0,-0.31856158094564,0.0946446320670564
"125",0,"0",0,0.311336671283028,-7.5953464762789
"125",1,"0",0,0.311336671283028,-3.25687172313236
"125",2,"0",0,0.311336671283028,-2.83161103687326
"125",3,"0",0,0.311336671283028,-1.12520770125458
"125",4,"1",0,0.311336671283028,-5.81734550911352
"125",5,"1",0,0.311336671283028,-1.6958611173608
"125",6,"1",0,0.311336671283028,-4.69674385236876
"125",7,"1",0,0.311336671283028,-1.07482839566902
"125",8,"1",0,0.311336671283028,-6.87843510769696
"125",9,"2",0,0.311336671283028,-5.57356446641957
"125",10,"2",0,0.311336671283028,-3.7858005673333
"126",0,"0",0,0.375148478001362,-7.01352372105713
"126",1,"0",0,0.375148478001362,-6.39615694869565
"126",2,"0",0,0.375148478001362,-3.86769284436397
"126",3,"0",0,0.375148478001362,-8.28758747219406
"126",4,"0",0,0.375148478001362,-7.77708549997287
"126",5,"0",0,0.375148478001362,-8.11695538902353
"126",6,"1",0,0.375148478001362,-8.93554072870665
"126",7,"1",0,0.375148478001362,-9.96901778424237
"126",8,"1",0,0.375148478001362,-7.51864643189047
"126",9,"1",0,0.375148478001362,-13.8817484055868
"126",10,"1",0,0.375148478001362,-2.73532017308469
"126",11,"2",0,0.375148478001362,-13.3139374709297
"126",12,"2",0,0.375148478001362,-1.54504684466504
"126",13,"2",0,0.375148478001362,-12.2976397215423
"126",14,"2",0,0.375148478001362,-6.08864741288145
"127",0,"1",1,-0.923068462477679,11.7156848349843
"127",1,"1",1,-0.923068462477679,13.3892249083968
"127",2,"1",1,-0.923068462477679,10.5165380033653
"127",3,"1",1,-0.923068462477679,8.21566515024627
"127",4,"2",1,-0.923068462477679,12.2708799967451
"128",0,"0",1,-0.131229654458723,-12.7893145510362
"128",1,"0",1,-0.131229654458723,-6.3425469615079
"128",2,"0",1,-0.131229654458723,-7.99610032995218
"128",3,"0",1,-0.131229654458723,-12.3549024118494
"128",4,"0",1,-0.131229654458723,-11.5485508388468
"129",0,"0",0,0.158202988045761,2.27940056692872
"129",1,"0",0,0.158202988045761,-4.77839280286298
"129",2,"0",0,0.158202988045761,1.42287916623123
"129",3,"0",0,0.158202988045761,-4.16958885486891
"129",4,"1",0,0.158202988045761,-9.68781207145142
"129",5,"1",0,0.158202988045761,-1.72459855932695
"129",6,"1",0,0.158202988045761,-6.34377034786069
"129",7,"1",0,0.158202988045761,6.98246741684231
"129",8,"1",0,0.158202988045761,-1.94126588719235
"129",9,"2",0,0.158202988045761,-5.38074094901293
"129",10,"2",0,0.158202988045761,-1.46752313356041
"129",11,"2",0,0.158202988045761,-3.96161068702606
"129",12,"2",0,0.158202988045761,-3.52563160773852
"129",13,"2",0,0.158202988045761,-5.10839264421832
"129",14,"2",0,0.158202988045761,-3.90397197082428
"129",15,"2",0,0.158202988045761,-5.47488470482922
"130",0,"0",0,-0.103206081640655,1.73415654762438
"130",1,"0",0,-0.103206081640655,5.22662429183828
"130",2,"0",0,-0.103206081640655,2.62938760129337
"130",3,"0",0,-0.103206081640655,-4.22021596064601
"130",4,"1",0,-0.103206081640655,-3.37580254974568
"131",0,"0",1,0.480950636735299,-6.80976956453108
"131",1,"0",1,0.480950636735299,-5.52604135430014
"131",2,"0",1,0.480950636735299,-8.39981464914986
"131",3,"0",1,0.480950636735299,-3.50419274272785
"131",4,"0",1,0.480950636735299,-2.41090023429905
"131",5,"1",1,0.480950636735299,-5.39277394452901
"131",6,"1",1,0.480950636735299,-8.52338383780927
"132",0,"1",0,-0.256908117505763,5.82454135180749
"132",1,"1",0,-0.256908117505763,5.93972768531702
"132",2,"1",0,-0.256908117505763,11.9706193246828
"132",3,"1",0,-0.256908117505763,9.13740889387801
"132",4,"1",0,-0.256908117505763,7.48802209911635
"132",5,"2",0,-0.256908117505763,2.3558035293526
"133",0,"0",0,0.403710021485353,-1.62088317928542
"133",1,"0",0,0.403710021485353,-11.0261926103682
"133",2,"0",0,0.403710021485353,7.03528895689072
"133",3,"0",0,0.403710021485353,1.47545546610046
"133",4,"1",0,0.403710021485353,-4.24785933616447
"133",5,"1",0,0.403710021485353,-1.79859206553246
"133",6,"1",0,0.403710021485353,-3.84548017902143
"133",7,"1",0,0.403710021485353,-6.53645528802156
"133",8,"1",0,0.403710021485353,-2.3653698634372
"133",9,"2",0,0.403710021485353,1.75111920493336
"133",10,"2",0,0.403710021485353,-2.65146333060012
"133",11,"2",0,0.403710021485353,-3.64505260596545
"133",12,"2",0,0.403710021485353,-1.97244251516416
"133",13,"2",0,0.403710021485353,-5.26410323277694
"133",14,"2",0,0.403710021485353,-5.63045424237217
"133",15,"2",0,0.403710021485353,-4.86658405757488
"134",0,"0",0,-0.526454861397883,-7.59828035955104
"134",1,"0",0,-0.526454861397883,-4.20763033225454
"134",2,"0",0,-0.526454861397883,-4.88024949511325
"134",3,"0",0,-0.526454861397883,-4.16762643725495
"134",4,"0",0,-0.526454861397883,-8.83539817596252
"135",0,"0",1,-0.454327824086352,1.55270663704557
"135",1,"0",1,-0.454327824086352,1.34333437788025
"135",2,"0",1,-0.454327824086352,-1.2640963780266
"135",3,"1",1,-0.454327824086352,-0.0931315261277935
"135",4,"1",1,-0.454327824086352,1.37298460076866
"136",0,"0",0,0.0798512466906424,-1.74881893235771
"136",1,"0",0,0.0798512466906424,0.33413294575305
"136",2,"0",0,0.0798512466906424,1.11710741079234
"136",3,"1",0,0.0798512466906424,-1.91610377311452
"136",4,"1",0,0.0798512466906424,2.03717289832355
"137",0,"0",1,0.105619027769578,7.62523065151468
"137",1,"0",1,0.105619027769578,6.28689501641157
"137",2,"1",1,0.105619027769578,-2.58834911156639
"137",3,"1",1,0.105619027769578,1.9826894780673
"137",4,"1",1,0.105619027769578,4.14809991111089
"138",0,"0",1,0.564788806508844,0.321647254143406
"138",1,"0",1,0.564788806508844,-1.54513704187051
"138",2,"0",1,0.564788806508844,0.767950140993262
"138",3,"1",1,0.564788806508844,2.96188895198045
"138",4,"1",1,0.564788806508844,-1.80079952281558
"139",0,"0",1,-0.848615426391218,0.954473635430018
"139",1,"1",1,-0.848615426391218,3.6021153238262
"139",2,"1",1,-0.848615426391218,-1.55653346111146
"139",3,"1",1,-0.848615426391218,3.2187243992394
"139",4,"1",1,-0.848615426391218,0.87925241577842
"140",0,"0",1,0.153832646275475,-3.92555319895799
"140",1,"0",1,0.153832646275475,-2.51898819840331
"140",2,"0",1,0.153832646275475,-1.63399768374174
"140",3,"0",1,0.153832646275475,-0.0925947574602568
"140",4,"1",1,0.153832646275475,-2.33734575233378
"141",0,"0",1,0.17478773643077,-1.70740660967654
"141",1,"0",1,0.17478773643077,-0.215479028627336
"141",2,"1",1,0.17478773643077,1.95807087540175
"141",3,"1",1,0.17478773643077,1.40571297542511
"141",4,"1",1,0.17478773643077,0.991616933245311
"142",0,"0",1,0.2453096920869,-4.35828443808662
"142",1,"0",1,0.2453096920869,-2.44065977619322
"142",2,"0",1,0.2453096920869,1.57586412633595
"142",3,"1",1,0.2453096920869,1.7597310514983
"142",4,"1",1,0.2453096920869,1.59482703796261
"142",5,"1",1,0.2453096920869,-0.349030383732351
"143",0,"0",1,0.0984501092634563,5.81180305698944
"143",1,"0",1,0.0984501092634563,2.20757470936952
"143",2,"1",1,0.0984501092634563,-1.48788393619684
"143",3,"1",1,0.0984501092634563,6.62857228576636
"143",4,"1",1,0.0984501092634563,4.98754245166948
"144",0,"1",0,-0.0711401857095585,6.90616249819054
"144",1,"1",0,-0.0711401857095585,9.46459149996943
"144",2,"1",0,-0.0711401857095585,9.78915874706878
"144",3,"1",0,-0.0711401857095585,13.4183943047436
"144",4,"2",0,-0.0711401857095585,15.1243645640881
"144",5,"2",0,-0.0711401857095585,13.866892272943
"144",6,"2",0,-0.0711401857095585,12.9599292078237
"144",7,"2",0,-0.0711401857095585,12.5159763572662
"144",8,"2",0,-0.0711401857095585,8.84777415101774
"145",0,"0",1,-0.126807070536473,-0.0496788779656006
"145",1,"0",1,-0.126807070536473,-2.30876978740321
"145",2,"0",1,-0.126807070536473,3.19019760397058
"145",3,"1",1,-0.126807070536473,0.83039469413909
"145",4,"1",1,-0.126807070536473,-1.49897738788371
"145",5,"1",1,-0.126807070536473,0.856800890301086
"146",0,"0",0,-0.0955477861275711,1.99452453843491
"146",1,"0",0,-0.0955477861275711,-0.326190129044163
"146",2,"0",0,-0.0955477861275711,0.517119883821124
"146",3,"1",0,-0.0955477861275711,1.62653627532105
"146",4,"1",0,-0.0955477861275711,-1.08204241441186
"147",0,"1",0,0.253649702307383,20.0446512637161
"147",1,"1",0,0.253649702307383,18.142412157891
"147",2,"2",0,0.253649702307383,13.222704873998
"147",3,"2",0,0.253649702307383,19.0600620662205
"147",4,"2",0,0.253649702307383,21.0205201779258
"147",5,"2",0,0.253649702307383,20.5749015094114
"147",6,"2",0,0.253649702307383,18.0439334416047
"147",7,"2",0,0.253649702307383,21.3153144483889
"147",8,"2",0,0.253649702307383,17.6241718172499
"147",9,"2",0,0.253649702307383,14.8012987618059
"147",10,"2",0,0.253649702307383,19.5998356882952
"147",11,"2",0,0.253649702307383,19.6770868518266
"147",12,"2",0,0.253649702307383,14.11902652591
"147",13,"2",0,0.253649702307383,22.6128934058346
"147",14,"2",0,0.253649702307383,15.5340974188839
"147",15,"2",0,0.253649702307383,15.0474225115142
"147",16,"2",0,0.253649702307383,24.7153883721705
"147",17,"2",0,0.253649702307383,19.3510089595973
"147",18,"2",0,0.253649702307383,21.0351235516242
"147",19,"2",0,0.253649702307383,20.1499720773122
"147",20,"2",0,0.253649702307383,18.5073318494284
"148",0,"0",1,0.114755851663891,-17.0541619795326
"148",1,"0",1,0.114755851663891,-15.9341343795639
"148",2,"0",1,0.114755851663891,-17.6659263446711
"148",3,"0",1,0.114755851663891,-21.0276796165895
"148",4,"0",1,0.114755851663891,-21.1387601121355
"148",5,"0",1,0.114755851663891,-14.6975707448025
"148",6,"0",1,0.114755851663891,-19.9219235289562
"148",7,"0",1,0.114755851663891,-22.4262040224583
"148",8,"0",1,0.114755851663891,-20.0861464381975
"148",9,"0",1,0.114755851663891,-21.1272784398346
"148",10,"0",1,0.114755851663891,-18.4708084215505
"148",11,"1",1,0.114755851663891,-23.4033782704513
"148",12,"1",1,0.114755851663891,-14.4648916925602
"148",13,"1",1,0.114755851663891,-19.1148102047763
"148",14,"1",1,0.114755851663891,-19.5567625484124
"149",0,"0",1,0.68061449051051,-0.471961703170462
"149",1,"1",1,0.68061449051051,9.60848966369593
"149",2,"1",1,0.68061449051051,6.82449312170548
"149",3,"1",1,0.68061449051051,-0.0285473886917122
"149",4,"1",1,0.68061449051051,5.52483192261934
"150",0,"0",1,0.528901340576655,0.615792222071222
"150",1,"1",1,0.528901340576655,7.61439652851217
"150",2,"1",1,0.528901340576655,6.01466379168703
"150",3,"1",1,0.528901340576655,10.0808133393606
"150",4,"1",1,0.528901340576655,9.75886421148782
"150",5,"1",1,0.528901340576655,1.05007726903252
"151",0,"0",1,0.381005527568047,7.0687349898883
"151",1,"1",1,0.381005527568047,4.60310078255906
"151",2,"1",1,0.381005527568047,2.65708660962562
"151",3,"1",1,0.381005527568047,13.4895903657179
"151",4,"1",1,0.381005527568047,7.55701445337679
"151",5,"1",1,0.381005527568047,8.88821329687928
"151",6,"2",1,0.381005527568047,2.63286931191149
"151",7,"2",1,0.381005527568047,7.96722035412787
"151",8,"2",1,0.381005527568047,2.56303081780942
"151",9,"2",1,0.381005527568047,-9.75481691890675
"151",10,"2",1,0.381005527568047,6.42395243268244
"151",11,"2",1,0.381005527568047,5.41797735164985
"152",0,"0",0,-0.33192678156711,-2.06755815445629
"152",1,"0",0,-0.33192678156711,-11.0724650460143
"152",2,"0",0,-0.33192678156711,-2.59056595448646
"152",3,"0",0,-0.33192678156711,-6.80822035131405
"152",4,"0",0,-0.33192678156711,-7.17800408062133
"153",0,"0",1,-0.229055277298046,-14.2957051795936
"153",1,"0",1,-0.229055277298046,-6.45009997106597
"153",2,"0",1,-0.229055277298046,-10.0970283395169
"153",3,"0",1,-0.229055277298046,-12.9183605586741
"153",4,"0",1,-0.229055277298046,-12.82627694125
"154",0,"0",1,0.0803425168868221,-1.87766233405777
"154",1,"0",1,0.0803425168868221,1.10125237818456
"154",2,"0",1,0.0803425168868221,-1.16315793369678
"154",3,"1",1,0.0803425168868221,-1.82290644966337
"154",4,"1",1,0.0803425168868221,-4.60582207184055
"154",5,"1",1,0.0803425168868221,-0.267605132353923
"154",6,"1",1,0.0803425168868221,-0.845095686352227
"154",7,"1",1,0.0803425168868221,-1.78695779493892
"155",0,"0",1,-0.399948030395771,-8.2187052574114
"155",1,"0",1,-0.399948030395771,-5.25427885021944
"155",2,"0",1,-0.399948030395771,-9.27462569881772
"155",3,"0",1,-0.399948030395771,-5.62470789455239
"155",4,"0",1,-0.399948030395771,-8.71079258923516
"156",0,"0",0,-0.629500144172073,-1.75473873814934
"156",1,"0",0,-0.629500144172073,0.475859399412454
"156",2,"0",0,-0.629500144172073,-6.18915832695656
"156",3,"0",0,-0.629500144172073,-0.169491270519298
"156",4,"1",0,-0.629500144172073,1.37406266569276
"156",5,"1",0,-0.629500144172073,-1.96869113979842
"156",6,"1",0,-0.629500144172073,-3.20207712540955
"156",7,"1",0,-0.629500144172073,-10.728320093303
"157",0,"0",1,-0.56557878990021,2.35809795531402
"157",1,"0",1,-0.56557878990021,9.12900366984341
"157",2,"1",1,-0.56557878990021,7.15402833573241
"157",3,"1",1,-0.56557878990021,6.78973942192405
"157",4,"1",1,-0.56557878990021,4.6716775660622
"157",5,"1",1,-0.56557878990021,8.16189200690363
"157",6,"1",1,-0.56557878990021,0.271518533025556
"158",0,"0",1,0.151829541518214,-10.8054885849445
"158",1,"0",1,0.151829541518214,-17.3858389247943
"158",2,"0",1,0.151829541518214,-14.3024696691212
"158",3,"0",1,0.151829541518214,-21.4713295145759
"158",4,"0",1,0.151829541518214,-10.1977671824851
"158",5,"0",1,0.151829541518214,-16.754089597867
"158",6,"0",1,0.151829541518214,-17.5050244739462
"159",0,"0",0,1.01922690434441,5.49473781387568
"159",1,"1",0,1.01922690434441,4.29707598257533
"159",2,"1",0,1.01922690434441,5.01817450266129
"159",3,"1",0,1.01922690434441,-3.63608868505052
"159",4,"1",0,1.01922690434441,6.28775619769188
"160",0,"0",0,-0.204495683807144,-6.10206077725463
"160",1,"0",0,-0.204495683807144,-4.31353397986196
"160",2,"0",0,-0.204495683807144,-10.0171572462143
"160",3,"0",0,-0.204495683807144,-11.0154286595512
"160",4,"0",0,-0.204495683807144,-3.49422842861825
"161",0,"0",0,-0.175003480406146,-6.89462120439705
"161",1,"0",0,-0.175003480406146,-1.02911638104059
"161",2,"0",0,-0.175003480406146,-0.166934114590497
"161",3,"0",0,-0.175003480406146,-0.586677277838892
"161",4,"1",0,-0.175003480406146,3.22330201346178
"162",0,"0",1,0.079261460391909,-9.99539448966495
"162",1,"0",1,0.079261460391909,-8.99535926521297
"162",2,"0",1,0.079261460391909,-1.27297582337771
"162",3,"0",1,0.079261460391909,-9.92817436547341
"162",4,"0",1,0.079261460391909,-7.3951144318984
"163",0,"0",0,0.575619030391519,-21.9154090672251
"163",1,"0",0,0.575619030391519,-21.5758306729794
"163",2,"0",0,0.575619030391519,-13.952585051034
"163",3,"0",0,0.575619030391519,-20.3347503547352
"163",4,"0",0,0.575619030391519,-20.8630142455027
"163",5,"0",0,0.575619030391519,-14.4085029627976
"163",6,"0",0,0.575619030391519,-19.8396175232119
"163",7,"0",0,0.575619030391519,-19.8559172165415
"163",8,"0",0,0.575619030391519,-21.2704780108628
"164",0,"0",0,-0.045070838972901,-20.8453429389449
"164",1,"0",0,-0.045070838972901,-12.7541637495939
"164",2,"0",0,-0.045070838972901,-20.6449979022069
"164",3,"0",0,-0.045070838972901,-21.497576193873
"164",4,"0",0,-0.045070838972901,-14.431646126416
"164",5,"0",0,-0.045070838972901,-24.9729851307345
"164",6,"0",0,-0.045070838972901,-26.4538799378135
"164",7,"0",0,-0.045070838972901,-22.7480055896127
"164",8,"0",0,-0.045070838972901,-20.6995135953246
"165",0,"0",1,0.406358525440737,-6.08943429436581
"165",1,"0",1,0.406358525440737,-12.4011308377693
"165",2,"0",1,0.406358525440737,-12.9465325885127
"165",3,"0",1,0.406358525440737,-11.2275983739821
"165",4,"0",1,0.406358525440737,-4.82155786018022
"166",0,"0",1,0.062565091930534,1.06670500400126
"166",1,"0",1,0.062565091930534,2.17579043230334
"166",2,"1",1,0.062565091930534,2.41722390332571
"166",3,"1",1,0.062565091930534,3.19370334491568
"166",4,"1",1,0.062565091930534,2.64190657581293
"167",0,"0",0,0.516844956522572,-0.110360540300808
"167",1,"0",0,0.516844956522572,3.47348556999788
"167",2,"0",0,0.516844956522572,5.36801348741356
"167",3,"1",0,0.516844956522572,-3.38999542575222
"167",4,"1",0,0.516844956522572,0.231868686564633
"168",0,"1",0,-0.0130442824380364,14.2548753660993
"168",1,"1",0,-0.0130442824380364,2.31402966516151
"168",2,"1",0,-0.0130442824380364,14.3614326837489
"168",3,"2",0,-0.0130442824380364,13.086078574978
"168",4,"2",0,-0.0130442824380364,6.16596826694352
"169",0,"0",0,0.150849755059041,11.777861321087
"169",1,"1",0,0.150849755059041,8.43136398675784
"169",2,"1",0,0.150849755059041,10.4316406411371
"169",3,"1",0,0.150849755059041,3.89964191059184
"169",4,"1",0,0.150849755059041,13.8337412189904
"170",0,"0",1,-0.506482351437426,-2.12009292333608
"170",1,"0",1,-0.506482351437426,-13.8049855178288
"170",2,"0",1,-0.506482351437426,-16.3757751944523
"170",3,"0",1,-0.506482351437426,-17.235031891875
"170",4,"0",1,-0.506482351437426,-12.416880186223
"171",0,"0",1,-0.498536269934037,0.233077280948452
"171",1,"0",1,-0.498536269934037,0.631897312559592
"171",2,"0",1,-0.498536269934037,1.08614372578492
"171",3,"1",1,-0.498536269934037,3.00306962967024
"171",4,"1",1,-0.498536269934037,-5.90260918466771
"172",0,"0",0,-0.155089563091314,-3.42752181097484
"172",1,"0",0,-0.155089563091314,4.49426387147447
"172",2,"0",0,-0.155089563091314,1.56506321861401
"172",3,"1",0,-0.155089563091314,-0.24883759154099
"172",4,"1",0,-0.155089563091314,2.35830051365618
"173",0,"0",0,0.473850571851321,-1.93527484558138
"173",1,"0",0,0.473850571851321,-5.81592455997655
"173",2,"0",0,0.473850571851321,-0.426194401786602
"173",3,"0",0,0.473850571851321,2.60967242446672
"173",4,"0",0,0.473850571851321,-6.72426887194851
"173",5,"1",0,0.473850571851321,-1.63485292140898
"173",6,"1",0,0.473850571851321,-2.39533878530523
"173",7,"1",0,0.473850571851321,-4.90473908965052
"173",8,"1",0,0.473850571851321,-3.05464607341494
"173",9,"1",0,0.473850571851321,-3.77954231554741
"173",10,"2",0,0.473850571851321,-2.44002551896789
"174",0,"0",0,-1.23059184227354,5.02407756415866
"174",1,"0",0,-1.23059184227354,2.48453164687598
"174",2,"0",0,-1.23059184227354,2.45430126216803
"174",3,"1",0,-1.23059184227354,1.62885845921962
"174",4,"1",0,-1.23059184227354,2.0310609977981
"174",5,"1",0,-1.23059184227354,3.86777104429976
"174",6,"1",0,-1.23059184227354,0.344628064842891
"174",7,"1",0,-1.23059184227354,3.23467775558439
"174",8,"2",0,-1.23059184227354,2.80388586752945
"174",9,"2",0,-1.23059184227354,1.4606104354705
"174",10,"2",0,-1.23059184227354,2.74616123194648
"174",11,"2",0,-1.23059184227354,1.75682206343218
"174",12,"2",0,-1.23059184227354,4.96864073689913
"174",13,"2",0,-1.23059184227354,2.94162131847967
"174",14,"2",0,-1.23059184227354,-6.69549300754534
"174",15,"2",0,-1.23059184227354,2.21909185470998
"174",16,"2",0,-1.23059184227354,0.00256066665154941
"174",17,"2",0,-1.23059184227354,2.26423769630829
"175",0,"0",0,-0.479288993664646,3.19225541408588
"175",1,"0",0,-0.479288993664646,-0.635324565514599
"175",2,"1",0,-0.479288993664646,-5.66808021031714
"175",3,"1",0,-0.479288993664646,0.000171764930560148
"175",4,"1",0,-0.479288993664646,-1.55832885810183
"176",0,"0",1,0.0350126543555549,1.87810387181827
"176",1,"0",1,0.0350126543555549,1.28507669662868
"176",2,"1",1,0.0350126543555549,1.02857675822565
"176",3,"1",1,0.0350126543555549,2.21495934228078
"176",4,"1",1,0.0350126543555549,1.05040101902485
"176",5,"1",1,0.0350126543555549,5.32265522920076
"176",6,"1",1,0.0350126543555549,2.83025519622215
"176",7,"2",1,0.0350126543555549,3.40551389360524
"176",8,"2",1,0.0350126543555549,2.54539971723737
"176",9,"2",1,0.0350126543555549,5.9976826897127
"176",10,"2",1,0.0350126543555549,-0.822952053465949
"176",11,"2",1,0.0350126543555549,-0.0149268129094926
"176",12,"2",1,0.0350126543555549,2.0820769948853
"176",13,"2",1,0.0350126543555549,5.89501144158071
"176",14,"2",1,0.0350126543555549,4.93262265415832
"176",15,"2",1,0.0350126543555549,8.33426839180245
"177",0,"0",0,0.510884372542938,6.51578661864107
"177",1,"0",0,0.510884372542938,-0.596146848658807
"177",2,"0",0,0.510884372542938,-0.160653079458548
"177",3,"1",0,0.510884372542938,-1.1626586249431
"177",4,"1",0,0.510884372542938,-2.16327551058597
"177",5,"1",0,0.510884372542938,0.51680565700331
"178",0,"0",1,-0.104060091415727,-4.75896607829008
"178",1,"0",1,-0.104060091415727,-7.37178445788176
"178",2,"0",1,-0.104060091415727,-8.6918001406307
"178",3,"0",1,-0.104060091415727,-7.10146778938883
"178",4,"0",1,-0.104060091415727,-2.12013525852345
"179",0,"0",1,-0.782218484536141,1.1158624240083
"179",1,"0",1,-0.782218484536141,1.99756017906331
"179",2,"1",1,-0.782218484536141,-9.44298735720023
"179",3,"1",1,-0.782218484536141,6.12637743811753
"179",4,"1",1,-0.782218484536141,2.14154067654234
"179",5,"1",1,-0.782218484536141,-2.81044434543916
"179",6,"1",1,-0.782218484536141,2.94769212928831
"179",7,"2",1,-0.782218484536141,3.79010886374651
"179",8,"2",1,-0.782218484536141,-0.626313096978514
"179",9,"2",1,-0.782218484536141,4.98324999585159
"179",10,"2",1,-0.782218484536141,-0.839616831219971
"179",11,"2",1,-0.782218484536141,-2.58123339915007
"179",12,"2",1,-0.782218484536141,4.922610031488
"179",13,"2",1,-0.782218484536141,6.51091522869171
"179",14,"2",1,-0.782218484536141,4.53455370048201
"179",15,"2",1,-0.782218484536141,5.05705395069378
"179",16,"2",1,-0.782218484536141,3.54856496743593
"180",0,"0",0,-0.157595227801518,-1.96813337768876
"180",1,"0",0,-0.157595227801518,-5.65839931934518
"180",2,"0",0,-0.157595227801518,3.16614135289575
"180",3,"0",0,-0.157595227801518,-6.92851685125038
"180",4,"0",0,-0.157595227801518,-8.12778900662608
"180",5,"1",0,-0.157595227801518,-4.86438438850512
"180",6,"1",0,-0.157595227801518,1.37023902135539
"180",7,"1",0,-0.157595227801518,-2.4435764512233
"181",0,"0",0,0.620816005751504,-5.60868262017169
"181",1,"0",0,0.620816005751504,-3.28209631644536
"181",2,"0",0,0.620816005751504,-6.50951575605987
"181",3,"0",0,0.620816005751504,-2.3819517745169
"181",4,"0",0,0.620816005751504,-6.70585836060516
"181",5,"1",0,0.620816005751504,-5.89334624046452
"181",6,"1",0,0.620816005751504,-8.80573394031155
"181",7,"1",0,0.620816005751504,-6.67872962134074
"181",8,"1",0,0.620816005751504,0.653573567749204
"181",9,"1",0,0.620816005751504,-8.02048212226303
"182",0,"0",0,-0.714035576172394,-3.90168683496553
"182",1,"0",0,-0.714035576172394,-3.26353188647823
"182",2,"0",0,-0.714035576172394,-5.78752690287869
"182",3,"0",0,-0.714035576172394,-4.03621918415995
"182",4,"0",0,-0.714035576172394,-4.8568359526477
"183",0,"0",1,0.04459317203418,-5.4493118844107
"183",1,"0",1,0.04459317203418,-8.75717834029782
"183",2,"0",1,0.04459317203418,3.95489991115215
"183",3,"0",1,0.04459317203418,-11.331979020076
"183",4,"0",1,0.04459317203418,-2.77457293514216
"184",0,"0",0,-0.32404943022189,-3.66095725204105
"184",1,"0",0,-0.32404943022189,-7.9470607093474
"184",2,"0",0,-0.32404943022189,-4.57548570120896
"184",3,"0",0,-0.32404943022189,-5.35815256137737
"184",4,"0",0,-0.32404943022189,-6.8241965408676
"185",0,"0",1,0.56821475862641,-2.94952068476494
"185",1,"0",1,0.56821475862641,-1.29968442746292
"185",2,"0",1,0.56821475862641,-1.01354351388728
"185",3,"1",1,0.56821475862641,-1.62509220469398
"185",4,"1",1,0.56821475862641,-4.42324693194582
"186",0,"0",0,0.30500411249334,-0.306379337143504
"186",1,"0",0,0.30500411249334,-0.86110101193174
"186",2,"0",0,0.30500411249334,-5.31638262028617
"186",3,"1",0,0.30500411249334,-1.62345623071986
"186",4,"1",0,0.30500411249334,1.02799146010545
"186",5,"1",0,0.30500411249334,-0.999145482796897
"186",6,"1",0,0.30500411249334,-3.95659965861546
"187",0,"0",1,0.20318248724469,-8.36017917727629
"187",1,"0",1,0.20318248724469,-9.76933769547802
"187",2,"0",1,0.20318248724469,-11.3943657401078
"187",3,"0",1,0.20318248724469,-5.809343714555
"187",4,"0",1,0.20318248724469,-5.27060726338275
"187",5,"0",1,0.20318248724469,-8.88613844213359
"188",0,"0",1,-0.446094896752005,6.3380304399487
"188",1,"0",1,-0.446094896752005,3.99483450253026
"188",2,"0",1,-0.446094896752005,-4.48941000832791
"188",3,"1",1,-0.446094896752005,2.52406866256309
"188",4,"1",1,-0.446094896752005,3.19386756454306
"189",0,"0",0,-0.214355551028723,-1.13427080449635
"189",1,"0",0,-0.214355551028723,-12.452578229421
"189",2,"0",0,-0.214355551028723,5.28676097417609
"189",3,"1",0,-0.214355551028723,7.11838772507679
"189",4,"1",0,-0.214355551028723,3.23059660652342
"190",0,"2",1,0.413508223658205,17.2065491422091
"190",1,"2",1,0.413508223658205,22.2434989467628
"190",2,"2",1,0.413508223658205,8.54111215325807
"190",3,"2",1,0.413508223658205,18.982178981741
"190",4,"2",1,0.413508223658205,19.898839507611
"191",0,"0",1,-0.205230433695137,-5.28142938898308
"191",1,"0",1,-0.205230433695137,-2.81440567222344
"191",2,"0",1,-0.205230433695137,1.88440715239667
"191",3,"1",1,-0.205230433695137,-3.015704778757
"191",4,"1",1,-0.205230433695137,-4.73063596936685
"192",0,"0",0,0.376778640960317,-3.854621182997
"192",1,"0",0,0.376778640960317,-9.93784496370668
"192",2,"0",0,0.376778640960317,-6.54684273204145
"192",3,"0",0,0.376778640960317,2.75041381518992
"192",4,"1",0,0.376778640960317,-3.30580311419291
"192",5,"1",0,0.376778640960317,2.88197397512164
"192",6,"1",0,0.376778640960317,-6.6564037086967
"192",7,"1",0,0.376778640960317,-7.27035670314759
"193",0,"1",1,-0.657627201181761,15.0282133830531
"193",1,"1",1,-0.657627201181761,15.4066250051498
"193",2,"2",1,-0.657627201181761,15.4148159553686
"193",3,"2",1,-0.657627201181761,8.13828291947018
"193",4,"2",1,-0.657627201181761,11.6463544190381
"194",0,"0",0,-0.647339742445832,-1.85077529997641
"194",1,"0",0,-0.647339742445832,-0.91806818317953
"194",2,"1",0,-0.647339742445832,1.33804835177439
"194",3,"1",0,-0.647339742445832,-1.42096378626019
"194",4,"1",0,-0.647339742445832,-1.34396115028646
"195",0,"0",0,-0.209850195845124,-6.10693151724471
"195",1,"0",0,-0.209850195845124,-6.29320228946172
"195",2,"0",0,-0.209850195845124,-8.49940918530822
"195",3,"0",0,-0.209850195845124,-6.05383205813357
"195",4,"0",0,-0.209850195845124,-9.49087118276155
"195",5,"0",0,-0.209850195845124,-5.95353223134462
"195",6,"0",0,-0.209850195845124,-9.65959522918692
"195",7,"1",0,-0.209850195845124,-3.59986041079135
"195",8,"1",0,-0.209850195845124,-5.4129252080376
"195",9,"1",0,-0.209850195845124,-9.41043302944192
"195",10,"1",0,-0.209850195845124,-7.89671739512061
"196",0,"0",0,-0.300478668352809,6.11315652671962
"196",1,"0",0,-0.300478668352809,1.51831817667021
"196",2,"1",0,-0.300478668352809,4.68584716657001
"196",3,"1",0,-0.300478668352809,-3.77864256992856
"196",4,"1",0,-0.300478668352809,0.777278900620239
"196",5,"1",0,-0.300478668352809,3.30799209152771
"196",6,"1",0,-0.300478668352809,1.46955932252004
"196",7,"2",0,-0.300478668352809,2.01359783588016
"196",8,"2",0,-0.300478668352809,-0.966203029531838
"197",0,"0",1,-0.596938141737444,-6.51935905411637
"197",1,"0",1,-0.596938141737444,1.40841114672762
"197",2,"0",1,-0.596938141737444,-2.82279477267148
"197",3,"1",1,-0.596938141737444,1.06258496836702
"197",4,"1",1,-0.596938141737444,-4.61541736993718
"197",5,"1",1,-0.596938141737444,-4.86730434836366
"197",6,"1",1,-0.596938141737444,-3.03409682936413
"197",7,"1",1,-0.596938141737444,-1.5637963465649
"197",8,"2",1,-0.596938141737444,2.60719308095545
"198",0,"1",0,0.703399784792217,3.62152129249274
"198",1,"1",0,0.703399784792217,8.34237192599784
"198",2,"1",0,0.703399784792217,8.00773089798772
"198",3,"1",0,0.703399784792217,2.41778422875627
"198",4,"2",0,0.703399784792217,4.38718313641869
"199",0,"0",1,-0.0857122921037067,5.33139582114016
"199",1,"1",1,-0.0857122921037067,5.14775465325669
"199",2,"1",1,-0.0857122921037067,0.406927693062219
"199",3,"1",1,-0.0857122921037067,9.94645568704717
"199",4,"1",1,-0.0857122921037067,1.83507264559115
"200",0,"0",1,0.0866159938202159,-4.20600769755303
"200",1,"0",1,0.0866159938202159,1.48338686550659
"200",2,"0",1,0.0866159938202159,-6.78412036698729
"200",3,"0",1,0.0866159938202159,-4.55813724666106
"200",4,"1",1,0.0866159938202159,-6.22710271793717
"200",5,"1",1,0.0866159938202159,-4.45972228733262
"200",6,"1",1,0.0866159938202159,-3.88693002522171
"200",7,"1",1,0.0866159938202159,-7.3020052423356
"200",8,"1",1,0.0866159938202159,-1.71836241125939
"200",9,"2",1,0.0866159938202159,-2.68981798904486
